{
	"folders": {},
	"connections": {
		"oracle_thin-188516e799e-442b2990054d1a5b": {
			"provider": "oracle",
			"driver": "oracle_thin",
			"name": "localhost",
			"save-password": true,
			"configuration": {
				"host": "localhost",
				"port": "1521",
				"database": "XE",
				"url": "jdbc:oracle:thin:@localhost:1521:XE",
				"configurationType": "MANUAL",
				"home": "C:\\app\\GDC10\\product\\18.0.0\\dbhomeXE",
				"type": "dev",
				"provider-properties": {
					"@dbeaver-connection-type@": "BASIC",
					"@dbeaver-sid-service@": "SID"
				},
				"auth-model": "oracle_native"
			}
		},
		"oracle_thin-1885c162350-536f02902246eb6b": {
			"provider": "oracle",
			"driver": "oracle_thin",
			"name": "localhost 2",
			"save-password": true,
			"configuration": {
				"host": "localhost",
				"port": "1521",
				"database": "XE",
				"url": "jdbc:oracle:thin:@localhost:1521:XE",
				"configurationType": "MANUAL",
				"home": "C:\\app\\YOON\\product\\18.0.0\\dbhomeXE",
				"type": "dev",
				"provider-properties": {
					"@dbeaver-connection-type@": "BASIC",
					"@dbeaver-sid-service@": "SID"
				},
				"auth-model": "oracle_native"
			}
		}
	},
	"connection-types": {
		"dev": {
			"name": "Development",
			"color": "255,255,255",
			"description": "Regular development database",
			"auto-commit": true,
			"confirm-execute": false,
			"confirm-data-change": false,
			"auto-close-transactions": false
		}
	}
}