{
	"folders": {},
	"connections": {
		"oracle_thin-18872c2801c-10dae74501cd7489": {
			"provider": "oracle",
			"driver": "oracle_thin",
			"name": "localhost 3",
			"save-password": true,
			"configuration": {
				"host": "localhost",
				"port": "1521",
				"database": "XE",
				"url": "jdbc:oracle:thin:@localhost:1521:XE",
				"configurationType": "MANUAL",
				"home": "C:\\app\\YOON\\product\\18.0.0\\dbhomeXE",
				"type": "dev",
				"provider-properties": {
					"@dbeaver-connection-type@": "BASIC",
					"@dbeaver-sid-service@": "SID"
				},
				"auth-model": "oracle_native"
			}
		},
		"oracle_thin-18872cb74cb-515e13ced3624eed": {
			"provider": "oracle",
			"driver": "oracle_thin",
			"name": "web",
			"save-password": true,
			"configuration": {
				"host": "localhost",
				"port": "1521",
				"database": "XE",
				"url": "jdbc:oracle:thin:@localhost:1521:XE",
				"configurationType": "MANUAL",
				"home": "C:\\app\\YOON\\product\\18.0.0\\dbhomeXE",
				"type": "dev",
				"provider-properties": {
					"@dbeaver-connection-type@": "BASIC",
					"@dbeaver-sid-service@": "SID"
				},
				"auth-model": "oracle_native"
			}
		}
	},
	"connection-types": {
		"dev": {
			"name": "Development",
			"color": "255,255,255",
			"description": "Regular development database",
			"auto-commit": true,
			"confirm-execute": false,
			"confirm-data-change": false,
			"auto-close-transactions": false
		}
	}
}